[
	{
		"inputs": [
			{
				"internalType": "uint256",
				"name": "id",
				"type": "uint256"
			},
			{
				"internalType": "address",
				"name": "_to",
				"type": "address"
			},
			{
				"internalType": "uint256",
				"name": "NumOfTicket",
				"type": "uint256"
			}
		],
		"name": "buyTicket",
		"outputs": [],
		"stateMutability": "payable",
		"type": "function"
	},
	{
		"inputs": [
			{
				"internalType": "string",
				"name": "eventName",
				"type": "string"
			},
			{
				"internalType": "uint256",
				"name": "eventDate",
				"type": "uint256"
			},
			{
				"internalType": "uint256",
				"name": "eventTime",
				"type": "uint256"
			},
			{
				"internalType": "uint256",
				"name": "price",
				"type": "uint256"
			},
			{
				"internalType": "uint256",
				"name": "eventCapacity",
				"type": "uint256"
			},
			{
				"internalType": "string",
				"name": "EventDescription",
				"type": "string"
			}
		],
		"name": "createEvent",
		"outputs": [],
		"stateMutability": "nonpayable",
		"type": "function"
	},
	{
		"inputs": [],
		"stateMutability": "nonpayable",
		"type": "constructor"
	},
	{
		"anonymous": false,
		"inputs": [
			{
				"indexed": false,
				"internalType": "address",
				"name": "Organizer",
				"type": "address"
			},
			{
				"indexed": false,
				"internalType": "uint256",
				"name": "id",
				"type": "uint256"
			}
		],
		"name": "EventLog",
		"type": "event"
	},
	{
		"anonymous": false,
		"inputs": [
			{
				"indexed": true,
				"internalType": "address",
				"name": "userAddress",
				"type": "address"
			},
			{
				"indexed": false,
				"internalType": "uint256",
				"name": "index",
				"type": "uint256"
			}
		],
		"name": "LogNewUser",
		"type": "event"
	},
	{
		"inputs": [],
		"name": "eventId",
		"outputs": [
			{
				"internalType": "uint256",
				"name": "",
				"type": "uint256"
			}
		],
		"stateMutability": "view",
		"type": "function"
	},
	{
		"inputs": [
			{
				"internalType": "uint256",
				"name": "",
				"type": "uint256"
			}
		],
		"name": "events",
		"outputs": [
			{
				"internalType": "uint256",
				"name": "id",
				"type": "uint256"
			},
			{
				"internalType": "address",
				"name": "owner",
				"type": "address"
			},
			{
				"internalType": "string",
				"name": "name",
				"type": "string"
			},
			{
				"internalType": "uint256",
				"name": "date",
				"type": "uint256"
			},
			{
				"internalType": "uint256",
				"name": "time",
				"type": "uint256"
			},
			{
				"internalType": "uint256",
				"name": "ticketPrice",
				"type": "uint256"
			},
			{
				"internalType": "uint256",
				"name": "ticketCount",
				"type": "uint256"
			},
			{
				"internalType": "uint256",
				"name": "ticketRemaining",
				"type": "uint256"
			},
			{
				"internalType": "string",
				"name": "EventDescription",
				"type": "string"
			}
		],
		"stateMutability": "view",
		"type": "function"
	},
	{
		"inputs": [],
		"name": "getAllEvents",
		"outputs": [
			{
				"components": [
					{
						"internalType": "uint256",
						"name": "id",
						"type": "uint256"
					},
					{
						"internalType": "address",
						"name": "owner",
						"type": "address"
					},
					{
						"internalType": "string",
						"name": "name",
						"type": "string"
					},
					{
						"internalType": "uint256",
						"name": "date",
						"type": "uint256"
					},
					{
						"internalType": "uint256",
						"name": "time",
						"type": "uint256"
					},
					{
						"internalType": "uint256",
						"name": "ticketPrice",
						"type": "uint256"
					},
					{
						"internalType": "uint256",
						"name": "ticketCount",
						"type": "uint256"
					},
					{
						"internalType": "uint256",
						"name": "ticketRemaining",
						"type": "uint256"
					},
					{
						"internalType": "string",
						"name": "EventDescription",
						"type": "string"
					}
				],
				"internalType": "struct CreateEvent.Event[]",
				"name": "",
				"type": "tuple[]"
			}
		],
		"stateMutability": "view",
		"type": "function"
	},
	{
		"inputs": [],
		"name": "Organizer",
		"outputs": [
			{
				"internalType": "address",
				"name": "",
				"type": "address"
			}
		],
		"stateMutability": "view",
		"type": "function"
	},
	{
		"inputs": [
			{
				"internalType": "address",
				"name": "",
				"type": "address"
			},
			{
				"internalType": "uint256",
				"name": "",
				"type": "uint256"
			}
		],
		"name": "tickets",
		"outputs": [
			{
				"internalType": "uint256",
				"name": "",
				"type": "uint256"
			}
		],
		"stateMutability": "view",
		"type": "function"
	}
]